-- MySQL dump 10.13  Distrib 8.0.46, for Win64 (x86_64)
--
-- Host: 127.0.0.1    Database: tecnoofficedb
-- ------------------------------------------------------
-- Server version	8.0.46

/*!40101 SET @OLD_CHARACTER_SET_CLIENT=@@CHARACTER_SET_CLIENT */;
/*!40101 SET @OLD_CHARACTER_SET_RESULTS=@@CHARACTER_SET_RESULTS */;
/*!40101 SET @OLD_COLLATION_CONNECTION=@@COLLATION_CONNECTION */;
/*!50503 SET NAMES utf8 */;
/*!40103 SET @OLD_TIME_ZONE=@@TIME_ZONE */;
/*!40103 SET TIME_ZONE='+00:00' */;
/*!40014 SET @OLD_UNIQUE_CHECKS=@@UNIQUE_CHECKS, UNIQUE_CHECKS=0 */;
/*!40014 SET @OLD_FOREIGN_KEY_CHECKS=@@FOREIGN_KEY_CHECKS, FOREIGN_KEY_CHECKS=0 */;
/*!40101 SET @OLD_SQL_MODE=@@SQL_MODE, SQL_MODE='NO_AUTO_VALUE_ON_ZERO' */;
/*!40111 SET @OLD_SQL_NOTES=@@SQL_NOTES, SQL_NOTES=0 */;

--
-- Table structure for table `departamento`
--

DROP TABLE IF EXISTS `departamento`;
/*!40101 SET @saved_cs_client     = @@character_set_client */;
/*!50503 SET character_set_client = utf8mb4 */;
CREATE TABLE `departamento` (
  `ID_Departamento` int NOT NULL AUTO_INCREMENT,
  `Nombre` varchar(100) NOT NULL,
  `Jefe` varchar(100) NOT NULL,
  PRIMARY KEY (`ID_Departamento`)
) ENGINE=InnoDB AUTO_INCREMENT=15 DEFAULT CHARSET=utf8mb4 COLLATE=utf8mb4_0900_ai_ci;
/*!40101 SET character_set_client = @saved_cs_client */;

--
-- Dumping data for table `departamento`
--

LOCK TABLES `departamento` WRITE;
/*!40000 ALTER TABLE `departamento` DISABLE KEYS */;
INSERT INTO `departamento` VALUES (1,'Ventas','Laura Gómez'),(2,'Compras','Carlos Díaz'),(3,'Sistemas','Miguel López'),(4,'Marketing','Sofía Castro'),(5,'Contabilidad','Roberto Méndez'),(6,'Recursos Humanos','Elena Pastrana'),(7,'Operaciones','Alejandro Ruiz'),(8,'Jurídico','Ana Torres'),(9,'Logística','Luis Herrera'),(10,'Calidad','Marta Ríos'),(11,'Investigación','Jorge Salas'),(12,'Innovación','Patricia León'),(13,'Seguridad','David Cruz'),(14,'Planeación','Claudia Vega');
/*!40000 ALTER TABLE `departamento` ENABLE KEYS */;
UNLOCK TABLES;

--
-- Table structure for table `empleados`
--

DROP TABLE IF EXISTS `empleados`;
/*!40101 SET @saved_cs_client     = @@character_set_client */;
/*!50503 SET character_set_client = utf8mb4 */;
CREATE TABLE `empleados` (
  `No_Empleado` int NOT NULL,
  `Nombre` varchar(100) NOT NULL,
  `Telefono` varchar(15) NOT NULL,
  `email` varchar(100) NOT NULL,
  `Fechaingreso` date NOT NULL,
  `estatus` tinyint(1) NOT NULL,
  `ID_depto` int DEFAULT NULL,
  `ID_puesto` int DEFAULT NULL,
  `salario` decimal(16,2) NOT NULL,
  PRIMARY KEY (`No_Empleado`),
  KEY `ID_depto` (`ID_depto`),
  KEY `ID_puesto` (`ID_puesto`),
  CONSTRAINT `empleados_ibfk_1` FOREIGN KEY (`ID_depto`) REFERENCES `departamento` (`ID_Departamento`) ON DELETE SET NULL ON UPDATE CASCADE,
  CONSTRAINT `empleados_ibfk_2` FOREIGN KEY (`ID_puesto`) REFERENCES `puesto` (`ID_puesto`) ON DELETE SET NULL ON UPDATE CASCADE
) ENGINE=InnoDB DEFAULT CHARSET=utf8mb4 COLLATE=utf8mb4_0900_ai_ci;
/*!40101 SET character_set_client = @saved_cs_client */;

--
-- Dumping data for table `empleados`
--

LOCK TABLES `empleados` WRITE;
/*!40000 ALTER TABLE `empleados` DISABLE KEYS */;
INSERT INTO `empleados` VALUES (101,'Juan Pérez','555-1234','juan.perez@empresa.com','2023-02-15',1,1,1,14500.00),(102,'Ana Ruiz','555-2345','ana.ruiz@empresa.com','2024-01-10',1,2,2,11800.00),(103,'Luis Torres','555-3456','luis.torres@empresa.com','2022-09-08',1,3,3,18500.00),(104,'Ricardo Gómez Pérez','555-4657','ricardo.gomez104@empresa.com','2019-07-26',1,4,4,20200.00),(105,'Andrea Mendoza Castro','555-7912','andrea.mendoza@empresa.com','2018-05-11',1,5,5,17800.00),(106,'Pedro Rodríguez García','555-4257','pedro.rodriguez@empresa.com','2026-01-11',1,5,5,17500.00),(107,'Sofía Castillo Reyes','555-7924','sofia.castillo@empresa.com','2021-10-25',1,3,3,24700.00),(108,'Pedro Ramos Sánchez','555-2584','pedro.ramos108@empresa.com','2022-01-10',1,1,6,21800.00),(109,'Gabriela Martínez Chávez','555-3045','gabriela.martinez@empresa.com','2022-03-31',1,1,7,34700.00),(110,'Elena Rivera Álvarez','555-4150','elena.rivera@empresa.com','2025-11-25',1,5,8,35800.00),(111,'Andrea Rodríguez Ramos','555-2654','andrea.rodriguez@empresa.com','2022-04-06',1,3,3,27100.00),(112,'Ricardo Rivera Ramírez','555-4432','ricardo.rivera@empresa.com','2025-07-08',1,2,9,20100.00),(113,'Silvia Gutiérrez Álvarez','555-5010','silvia.gutierrez@empresa.com','2019-11-01',1,1,10,24300.00),(114,'Miguel Vargas Álvarez','555-6313','miguel.vargas@empresa.com','2018-08-18',1,4,11,27400.00),(115,'Ana Chávez Sánchez','555-4456','ana.chavez115@empresa.com','2024-05-12',1,6,12,16000.00),(116,'Jorge González Álvarez','555-8517','jorge.gonzalez@empresa.com','2019-08-09',1,6,13,37600.00),(117,'Sofía Mendoza Jiménez','555-7543','sofia.mendoza@empresa.com','2022-01-22',1,5,8,30900.00),(118,'Carlos García Morales','555-3504','carlos.garcia@empresa.com','2025-01-14',1,1,6,17300.00),(119,'Andrea Vázquez Cruz','555-8668','andrea.vazquez@empresa.com','2023-12-08',1,1,7,33500.00),(120,'Isabel Medina Pérez','555-9797','isabel.medina120@empresa.com','2020-12-28',1,4,14,27400.00),(121,'Jorge Gómez Hernández','555-1053','jorge.gomez121@empresa.com','2026-02-05',1,6,15,22300.00),(122,'Roberto Ramos López','555-5889','roberto.ramos@empresa.com','2025-03-02',1,5,5,18100.00),(123,'Pedro Díaz Ramírez','555-9689','pedro.diaz@empresa.com','2018-01-03',1,7,16,31900.00),(124,'Patricia Pérez Gómez','555-1949','patricia.perez124@empresa.com','2020-09-13',1,3,17,27300.00),(125,'Luis Torres Mendoza','555-3060','luis.torres@empresa.com','2019-06-10',1,6,18,15800.00),(126,'Isabel López Martínez','555-9835','isabel.lopez@empresa.com','2026-03-09',1,5,19,41800.00),(127,'Diego Gutiérrez Álvarez','555-8397','diego.gutierrez@empresa.com','2019-05-11',1,3,20,36400.00),(128,'Luis Sánchez Pérez','555-1117','luis.sanchez128@empresa.com','2018-10-18',1,5,21,24100.00),(129,'Ana Rodríguez Torres','555-9423','ana.rodriguez@empresa.com','2020-09-01',1,1,22,16700.00),(130,'Patricia González Jiménez','555-8749','patricia.gonzalez@empresa.com','2022-07-26',1,2,23,33900.00),(131,'María Gutiérrez Vázquez','555-8651','maria.gutierrez@empresa.com','2026-03-06',1,3,20,32900.00),(132,'Ricardo Gómez Ruiz','555-2790','ricardo.gomez@empresa.com','2020-10-15',1,6,12,28000.00),(133,'Isabel Castillo Díaz','555-8579','isabel.castillo133@empresa.com','2020-10-20',1,6,15,19500.00),(134,'Luis Castillo Chávez','555-9856','luis.castillo134@empresa.com','2018-03-02',1,7,24,11400.00),(135,'Silvia Ramos Medina','555-8956','silvia.ramos@empresa.com','2023-05-26',1,2,25,20900.00),(136,'Diego Castro Ruiz','555-7396','diego.castro136@empresa.com','2020-12-22',1,2,23,32000.00),(137,'Mónica Castillo Hernández','555-4111','monica.castillo@empresa.com','2021-04-30',1,6,13,31600.00),(138,'Ana Reyes Mendoza','555-1936','ana.reyes@empresa.com','2018-07-25',1,5,5,15500.00),(139,'Roberto Vargas Medina','555-9320','roberto.vargas139@empresa.com','2018-11-25',1,5,21,18700.00),(140,'Luis Cruz Torres','555-2964','luis.cruz@empresa.com','2024-05-22',1,4,11,22800.00),(141,'Gabriela Ruiz Cruz','555-9565','gabriela.ruiz141@empresa.com','2021-07-19',1,1,7,35700.00),(142,'Pedro Gutiérrez Ortiz','555-7484','pedro.gutierrez@empresa.com','2019-06-21',1,3,26,28200.00),(143,'Elena Castillo Sánchez','555-8508','elena.castillo143@empresa.com','2024-12-19',1,7,24,11000.00),(144,'María Torres Jiménez','555-6718','maria.torres144@empresa.com','2018-10-09',1,2,9,16400.00),(145,'Lucía Hernández López','555-9666','lucia.hernandez@empresa.com','2018-02-02',1,6,12,24900.00),(146,'Isabel Hernández Vargas','555-3200','isabel.hernandez@empresa.com','2020-12-19',1,4,14,30600.00),(147,'María Mendoza Jiménez','555-4450','maria.mendoza@empresa.com','2026-01-18',1,2,9,18900.00),(148,'Beatriz Martínez García','555-2512','beatriz.martinez@empresa.com','2025-02-11',1,6,12,15700.00),(149,'Miguel Ruiz Pérez','555-5291','miguel.ruiz149@empresa.com','2019-10-24',1,3,26,40300.00),(150,'Isabel Ortiz Vázquez','555-2232','isabel.ortiz150@empresa.com','2025-10-01',1,5,5,13900.00),(151,'Isabel Ruiz Rivera','555-3426','isabel.ruiz@empresa.com','2022-10-27',1,3,27,53000.00),(152,'Elena Ramírez Castro','555-4441','elena.ramirez@empresa.com','2025-08-25',1,7,24,13900.00),(153,'María Ramírez Ramos','555-4878','maria.ramirez153@empresa.com','2019-10-28',1,5,19,40900.00),(154,'Mónica López Castro','555-6442','monica.lopez154@empresa.com','2022-08-14',1,6,18,12900.00),(155,'Beatriz Mendoza Chávez','555-2771','beatriz.mendoza155@empresa.com','2022-04-16',1,2,9,16900.00),(156,'Beatriz Morales Rodríguez','555-6000','beatriz.morales@empresa.com','2020-07-21',1,2,23,34800.00),(157,'Andrea González Flores','555-5573','andrea.gonzalez@empresa.com','2021-12-09',1,3,17,21700.00),(158,'Diego Gutiérrez Rivera','555-2889','diego.gutierrez@empresa.com','2020-12-05',1,5,8,17800.00),(159,'Miguel Ruiz Gómez','555-6139','miguel.ruiz@empresa.com','2022-11-23',1,5,19,44000.00),(160,'Roberto Gómez Flores','555-1727','roberto.gomez@empresa.com','2025-12-13',1,5,21,25200.00),(161,'Roberto Vargas Chávez','555-8066','roberto.vargas161@empresa.com','2018-10-14',1,5,21,28800.00),(162,'Silvia Sánchez Cruz','555-9308','silvia.sanchez@empresa.com','2021-06-20',1,3,3,29300.00),(163,'Jorge Flores Ortiz','555-4143','jorge.flores@empresa.com','2022-09-19',1,3,27,46000.00),(164,'Diego Gutiérrez Mendoza','555-9977','diego.gutierrez@empresa.com','2018-01-02',1,2,9,20900.00),(165,'Pedro Vázquez Chávez','555-8238','pedro.vazquez@empresa.com','2022-12-17',1,5,8,32100.00),(166,'Roberto Morales Chávez','555-5649','roberto.morales@empresa.com','2023-10-13',1,7,16,17000.00),(167,'Gabriela Sánchez Torres','555-4680','gabriela.sanchez@empresa.com','2020-03-26',1,7,16,24400.00),(168,'Ana Rodríguez Morales','555-7790','ana.rodriguez@empresa.com','2025-01-23',1,5,5,16700.00),(169,'Fernando Ortiz Flores','555-3417','fernando.ortiz@empresa.com','2025-05-11',1,6,13,32300.00),(170,'Raúl Ramos Medina','555-4585','raul.ramos170@empresa.com','2019-12-22',1,7,24,14400.00),(171,'Fernando García Castillo','555-8478','fernando.garcia171@empresa.com','2019-07-01',1,1,10,17500.00),(172,'Andrea García Jiménez','555-9270','andrea.garcia172@empresa.com','2022-10-14',1,5,8,31400.00),(173,'Isabel Castillo Castro','555-5246','isabel.castillo173@empresa.com','2020-10-09',1,2,23,35600.00),(174,'Miguel Ramos Ramos','555-5499','miguel.ramos@empresa.com','2022-12-07',1,5,19,42300.00),(175,'Elena Rodríguez Martínez','555-2320','elena.rodriguez@empresa.com','2019-07-21',1,3,17,37100.00),(176,'Diego Ortiz Díaz','555-7797','diego.ortiz@empresa.com','2022-07-28',1,4,11,17300.00),(177,'Alejandro Vázquez Ruiz','555-1320','alejandro.vazquez@empresa.com','2024-06-16',1,2,23,35100.00),(178,'Juan Ramírez Hernández','555-9818','juan.ramirez@empresa.com','2026-03-29',1,7,28,42800.00),(179,'Sofía Morales Rodríguez','555-1475','sofia.morales@empresa.com','2022-05-12',1,3,20,35400.00),(180,'Andrea Chávez Flores','555-8657','andrea.chavez180@empresa.com','2019-06-07',1,4,11,30000.00),(181,'Isabel Pérez Vargas','555-8022','isabel.perez181@empresa.com','2019-07-10',1,6,18,12100.00),(182,'Laura Ruiz Martínez','555-8449','laura.ruiz@empresa.com','2021-08-31',1,6,12,18400.00),(183,'Raúl Flores Martínez','555-2341','raul.flores@empresa.com','2023-04-11',1,7,28,40100.00),(184,'Isabel Ruiz Ramírez','555-1508','isabel.ruiz@empresa.com','2020-10-09',1,2,29,11300.00),(185,'Juan Cruz Díaz','555-2874','juan.cruz185@empresa.com','2024-04-29',1,2,25,22000.00),(186,'Alejandro Ortiz Martínez','555-2876','alejandro.ortiz186@empresa.com','2019-11-02',1,7,30,19700.00),(187,'María Reyes Pérez','555-7498','maria.reyes@empresa.com','2026-01-07',1,3,27,50100.00),(188,'Manuel Álvarez Rodríguez','555-2983','manuel.alvarez188@empresa.com','2024-05-07',1,1,22,26800.00),(189,'Lucía Jiménez Vázquez','555-9289','lucia.jimenez@empresa.com','2025-04-06',1,4,4,17300.00),(190,'Beatriz Vázquez Rivera','555-6934','beatriz.vazquez190@empresa.com','2025-02-16',1,6,18,15000.00),(191,'Alejandro Ortiz Díaz','555-9548','alejandro.ortiz@empresa.com','2025-04-18',1,6,15,26900.00),(192,'Mónica Vargas Jiménez','555-8136','monica.vargas@empresa.com','2026-03-14',1,7,28,43600.00),(193,'Sofía Rivera Vargas','555-4995','sofia.rivera@empresa.com','2023-03-19',1,1,22,22900.00),(194,'Andrea Flores Sánchez','555-6325','andrea.flores@empresa.com','2020-01-15',1,1,7,37300.00),(195,'Lucía Chávez Martínez','555-5526','lucia.chavez@empresa.com','2024-03-26',1,3,17,39000.00),(196,'Pedro Torres Rodríguez','555-4937','pedro.torres@empresa.com','2025-09-29',1,4,31,40800.00),(197,'Fernando Morales Castillo','555-5820','fernando.morales@empresa.com','2020-06-26',1,7,24,11700.00),(198,'Sofía Hernández Gutiérrez','555-9698','sofia.hernandez@empresa.com','2021-11-09',1,5,8,32400.00),(199,'Claudia Jiménez Sánchez','555-6023','claudia.jimenez@empresa.com','2020-10-26',1,3,20,28300.00),(200,'Claudia González Sánchez','555-4545','claudia.gonzalez@empresa.com','2026-04-14',1,1,10,18700.00),(201,'Javier García Cruz','555-5853','javier.garcia@empresa.com','2020-07-20',1,3,3,25800.00),(202,'Elena Pérez Ortiz','555-1745','elena.perez@empresa.com','2018-08-12',1,5,21,25800.00),(203,'Fernando Díaz Álvarez','555-1200','fernando.diaz@empresa.com','2024-06-09',1,7,28,37600.00),(204,'Patricia Castillo Sánchez','555-8827','patricia.castillo204@empresa.com','2019-04-13',1,2,29,13000.00),(205,'Diego Morales Torres','555-3444','diego.morales205@empresa.com','2024-04-24',1,5,5,14200.00),(206,'Luis Rodríguez Gómez','555-9561','luis.rodriguez@empresa.com','2022-04-08',1,5,19,42000.00),(207,'Alejandro Hernández Medina','555-1986','alejandro.hernandez207@empresa.com','2024-11-02',1,5,19,43400.00),(208,'María Ramos González','555-2330','maria.ramos@empresa.com','2019-10-06',1,4,11,20500.00),(209,'Isabel Torres López','555-8699','isabel.torres@empresa.com','2021-04-07',1,1,7,34000.00),(210,'Elena Ortiz Hernández','555-4824','elena.ortiz210@empresa.com','2020-12-19',1,4,31,33900.00),(211,'Ricardo Reyes Gutiérrez','555-2880','ricardo.reyes@empresa.com','2024-02-09',1,7,16,28200.00),(212,'Carlos Vargas Martínez','555-1977','carlos.vargas212@empresa.com','2019-11-11',1,7,16,16600.00),(213,'Gabriela Mendoza Rivera','555-3037','gabriela.mendoza@empresa.com','2023-04-04',1,5,8,31200.00),(214,'Fernando Flores Martínez','555-2317','fernando.flores@empresa.com','2024-09-15',1,5,19,45500.00),(215,'Carmen Mendoza Sánchez','555-2496','carmen.mendoza215@empresa.com','2020-07-26',1,5,8,17700.00),(216,'Manuel Medina Reyes','555-1659','manuel.medina@empresa.com','2019-12-19',1,5,5,15200.00),(217,'Ricardo Castillo Vargas','555-8141','ricardo.castillo217@empresa.com','2025-02-13',1,3,26,38600.00),(218,'Luis Morales Ramírez','555-2713','luis.morales@empresa.com','2019-10-21',1,6,12,20200.00),(219,'Fernando Morales Hernández','555-8451','fernando.morales@empresa.com','2018-12-27',1,4,31,33400.00),(220,'Jorge Gómez Ramos','555-8569','jorge.gomez@empresa.com','2022-08-20',1,6,18,15900.00),(221,'Roberto Ramírez Cruz','555-1845','roberto.ramirez@empresa.com','2020-04-13',1,7,28,43200.00),(222,'Carlos Vargas Hernández','555-1472','carlos.vargas@empresa.com','2025-01-24',1,6,13,31300.00),(223,'Sofía Ortiz López','555-7684','sofia.ortiz@empresa.com','2019-01-17',1,3,27,44200.00),(224,'Manuel Vargas Gómez','555-9165','manuel.vargas@empresa.com','2026-01-14',1,6,18,12700.00),(225,'Carmen Rivera Morales','555-3369','carmen.rivera@empresa.com','2022-04-21',1,6,15,22400.00),(226,'Gabriela García Mendoza','555-7798','gabriela.garcia226@empresa.com','2021-10-24',1,2,29,13200.00),(227,'Roberto Martínez Rivera','555-5891','roberto.martinez@empresa.com','2024-08-01',1,1,22,27400.00),(228,'Andrea Morales Medina','555-8935','andrea.morales@empresa.com','2021-11-14',1,2,23,36400.00),(229,'Javier Jiménez Flores','555-4912','javier.jimenez@empresa.com','2024-05-31',1,6,12,18000.00),(230,'Beatriz Ramos Vázquez','555-8749','beatriz.ramos230@empresa.com','2025-11-28',1,1,22,27800.00),(231,'Diego Flores Gutiérrez','555-1606','diego.flores@empresa.com','2019-06-02',1,7,16,30500.00),(232,'Francisco Sánchez Medina','555-9617','francisco.sanchez@empresa.com','2023-02-15',1,1,7,31200.00),(233,'Carlos Vázquez Medina','555-8692','carlos.vazquez@empresa.com','2020-12-21',1,4,11,17400.00),(234,'Fernando Flores Álvarez','555-9742','fernando.flores234@empresa.com','2022-04-06',1,1,22,26600.00),(235,'Ricardo Ortiz Castro','555-1588','ricardo.ortiz@empresa.com','2024-12-04',1,7,28,44800.00),(236,'Ricardo Gutiérrez Vargas','555-8110','ricardo.gutierrez236@empresa.com','2019-02-08',1,3,26,22400.00),(237,'Fernando Medina Gómez','555-5906','fernando.medina@empresa.com','2018-04-29',1,6,15,26300.00),(238,'Mónica Ruiz Hernández','555-3385','monica.ruiz@empresa.com','2020-09-27',1,3,17,33600.00),(239,'Francisco Gutiérrez Chávez','555-2293','francisco.gutierrez239@empresa.com','2024-11-01',1,2,25,17100.00),(240,'Gabriela Gutiérrez Rodríguez','555-8555','gabriela.gutierrez@empresa.com','2025-02-25',1,6,15,18700.00),(241,'Miguel Gutiérrez Pérez','555-9955','miguel.gutierrez@empresa.com','2019-10-10',1,7,28,40700.00),(242,'Lucía Reyes Hernández','555-8484','lucia.reyes@empresa.com','2021-05-22',1,4,31,36800.00),(243,'Diego Medina Morales','555-6881','diego.medina@empresa.com','2024-06-12',1,1,10,21800.00),(244,'Fernando Hernández Pérez','555-1132','fernando.hernandez244@empresa.com','2024-05-07',1,7,28,40400.00),(245,'Javier Mendoza Ruiz','555-4770','javier.mendoza245@empresa.com','2024-10-22',1,5,19,43000.00),(246,'Sofía Álvarez González','555-2591','sofia.alvarez@empresa.com','2025-01-14',1,5,8,21300.00),(247,'Elena Chávez Castillo','555-3153','elena.chavez247@empresa.com','2019-01-05',1,1,22,27500.00),(248,'Jorge Mendoza Vázquez','555-9837','jorge.mendoza@empresa.com','2022-02-07',1,2,25,16400.00),(249,'Silvia Martínez Rivera','555-8894','silvia.martinez249@empresa.com','2021-04-23',1,2,9,29200.00),(250,'Jorge Chávez Gómez','555-4696','jorge.chavez250@empresa.com','2025-08-02',1,6,18,12600.00),(251,'Diego Medina Chávez','555-7464','diego.medina@empresa.com','2018-02-27',1,5,8,19800.00),(252,'María Castillo Ramírez','555-7242','maria.castillo252@empresa.com','2025-02-28',1,4,4,25800.00),(253,'María Gutiérrez Rodríguez','555-6374','maria.gutierrez@empresa.com','2024-11-03',1,6,18,16000.00),(254,'Luis Álvarez Rivera','555-7689','luis.alvarez@empresa.com','2019-04-23',1,6,12,25500.00),(255,'Ana Hernández Morales','555-9807','ana.hernandez@empresa.com','2019-07-10',1,1,6,19400.00),(256,'Lucía Gutiérrez Mendoza','555-7797','lucia.gutierrez@empresa.com','2025-05-06',1,4,31,35300.00),(257,'Patricia Cruz Vázquez','555-4559','patricia.cruz@empresa.com','2022-12-22',1,3,3,31600.00),(258,'Sofía Medina Ramírez','555-6876','sofia.medina@empresa.com','2018-09-06',1,1,22,24500.00),(259,'Pedro Gómez Medina','555-4475','pedro.gomez@empresa.com','2025-03-13',1,7,28,37500.00),(260,'Juan Ruiz Chávez','555-4362','juan.ruiz260@empresa.com','2018-10-09',1,3,26,23600.00),(261,'Isabel González Reyes','555-3417','isabel.gonzalez@empresa.com','2024-09-07',1,2,25,19600.00),(262,'Beatriz Díaz Díaz','555-2801','beatriz.diaz262@empresa.com','2025-05-31',1,5,8,22600.00),(263,'Carlos Pérez Ramírez','555-6304','carlos.perez@empresa.com','2018-03-06',1,7,16,33500.00),(264,'Ana Díaz Mendoza','555-8802','ana.diaz264@empresa.com','2023-01-11',1,6,18,12000.00),(265,'Roberto Reyes Gómez','555-1710','roberto.reyes265@empresa.com','2026-02-26',1,6,15,25000.00),(266,'Roberto Hernández Castillo','555-8847','roberto.hernandez@empresa.com','2022-07-04',1,4,14,17200.00),(267,'María Morales Ortiz','555-6277','maria.morales@empresa.com','2024-10-27',1,6,18,12100.00),(268,'Carlos Martínez Cruz','555-9692','carlos.martinez@empresa.com','2021-04-22',1,4,4,22400.00),(269,'Gabriela Vázquez Gómez','555-8046','gabriela.vazquez269@empresa.com','2023-01-24',1,7,24,12700.00),(270,'Carmen Sánchez Rivera','555-2557','carmen.sanchez@empresa.com','2021-07-04',1,6,13,33800.00),(271,'Andrea Martínez Ramírez','555-2494','andrea.martinez@empresa.com','2018-12-16',1,2,23,32500.00),(272,'María Mendoza Mendoza','555-1982','maria.mendoza272@empresa.com','2024-07-30',1,3,26,37700.00),(273,'Isabel Sánchez Gutiérrez','555-7929','isabel.sanchez@empresa.com','2026-02-01',1,1,7,33200.00),(274,'Elena Ramírez Gómez','555-8900','elena.ramirez274@empresa.com','2020-07-07',1,5,21,21900.00),(275,'Lucía Medina Jiménez','555-4705','lucia.medina275@empresa.com','2022-10-24',1,3,3,28600.00),(276,'Javier Rivera Cruz','555-5381','javier.rivera@empresa.com','2018-04-29',1,5,5,17900.00),(277,'Fernando Ramos Hernández','555-3972','fernando.ramos@empresa.com','2019-08-10',1,3,17,19700.00),(278,'Diego Torres Díaz','555-9691','diego.torres@empresa.com','2020-05-31',1,4,14,17700.00),(279,'Alejandro Sánchez López','555-2391','alejandro.sanchez@empresa.com','2018-08-04',1,3,17,30100.00),(280,'Javier Cruz Ruiz','555-8259','javier.cruz@empresa.com','2025-06-04',1,4,14,20700.00),(281,'Gabriela Castillo Vázquez','555-2864','gabriela.castillo@empresa.com','2021-11-14',1,3,26,36200.00),(282,'Elena Gutiérrez Gutiérrez','555-6053','elena.gutierrez@empresa.com','2018-07-06',1,5,19,47000.00),(283,'Gabriela Ruiz Pérez','555-4460','gabriela.ruiz283@empresa.com','2019-07-17',1,2,9,29700.00),(284,'Elena Sánchez Gómez','555-8055','elena.sanchez@empresa.com','2019-12-21',1,1,7,36500.00),(285,'Isabel Ortiz Rodríguez','555-7505','isabel.ortiz@empresa.com','2026-04-28',0,5,8,19200.00),(286,'Silvia Torres Medina','555-7626','silvia.torres@empresa.com','2025-12-16',1,3,27,51000.00),(287,'Elena Gómez Flores','555-8538','elena.gomez287@empresa.com','2025-09-25',1,1,22,18400.00),(288,'Luis Vázquez Medina','555-7560','luis.vazquez@empresa.com','2023-11-17',1,1,10,22700.00),(289,'Beatriz Hernández Mendoza','555-3754','beatriz.hernandez@empresa.com','2018-11-09',1,3,26,30400.00),(290,'María García García','555-3419','maria.garcia@empresa.com','2020-08-25',1,2,9,20000.00),(291,'Miguel González López','555-3902','miguel.gonzalez@empresa.com','2025-01-16',1,5,21,19300.00),(292,'Javier Reyes Ramos','555-6295','javier.reyes@empresa.com','2025-01-13',1,5,19,47600.00),(293,'Alejandro Torres Morales','555-5500','alejandro.torres@empresa.com','2024-08-19',1,6,12,27900.00),(294,'Roberto Torres Hernández','555-1932','roberto.torres294@empresa.com','2022-02-19',1,6,13,30700.00),(295,'Luis Álvarez Medina','555-7299','luis.alvarez@empresa.com','2023-03-11',1,7,24,15100.00),(296,'Mónica Mendoza Castro','555-4084','monica.mendoza@empresa.com','2021-08-09',1,1,7,37800.00),(297,'Roberto Díaz Ruiz','555-2381','roberto.diaz@empresa.com','2023-08-29',1,6,18,14300.00),(298,'Ana Rodríguez Ortiz','555-9564','ana.rodriguez@empresa.com','2024-11-02',1,6,13,34600.00),(299,'Lucía Vargas Hernández','555-6543','lucia.vargas@empresa.com','2025-08-12',1,6,13,36700.00),(300,'Mónica Álvarez Álvarez','555-2548','monica.alvarez@empresa.com','2024-04-04',1,3,3,30300.00),(301,'Elena Martínez Mendoza','555-2335','elena.martinez@empresa.com','2024-07-14',1,7,16,25200.00),(302,'Silvia Ramírez Hernández','555-2388','silvia.ramirez@empresa.com','2021-06-22',1,4,31,34900.00),(303,'Ricardo Chávez Sánchez','555-2531','ricardo.chavez@empresa.com','2025-03-31',1,7,16,31500.00),(304,'Roberto Ramírez Pérez','555-4509','roberto.ramirez304@empresa.com','2021-10-31',1,3,17,25400.00),(305,'Patricia González Rodríguez','555-5846','patricia.gonzalez@empresa.com','2019-02-19',1,2,25,15500.00),(306,'Isabel Rivera Mendoza','555-3147','isabel.rivera@empresa.com','2024-09-12',1,5,5,15700.00),(307,'Laura López Rivera','555-8170','laura.lopez@empresa.com','2018-06-28',1,4,11,28000.00),(308,'Andrea Mendoza Rodríguez','555-8355','andrea.mendoza@empresa.com','2020-08-16',1,6,12,27200.00),(309,'Elena Chávez Chávez','555-8218','elena.chavez309@empresa.com','2023-03-07',1,6,15,20900.00),(310,'Javier Flores García','555-4271','javier.flores@empresa.com','2024-10-12',1,5,19,41000.00),(311,'Miguel Ruiz Álvarez','555-2680','miguel.ruiz311@empresa.com','2025-12-23',1,6,12,24000.00),(312,'Beatriz Gómez Hernández','555-8361','beatriz.gomez@empresa.com','2023-10-04',1,1,10,20000.00),(313,'Carmen Torres Vargas','555-6727','carmen.torres@empresa.com','2018-04-20',1,2,23,39200.00),(314,'Diego García Ramírez','555-7142','diego.garcia@empresa.com','2020-07-08',1,2,23,32600.00),(315,'Silvia Gómez Rivera','555-3392','silvia.gomez@empresa.com','2019-07-18',1,4,4,29200.00),(316,'Silvia Rivera Morales','555-8685','silvia.rivera@empresa.com','2023-01-12',1,4,11,28600.00),(317,'Raúl Torres Pérez','555-9991','raul.torres@empresa.com','2026-02-26',1,3,26,24300.00),(318,'Javier Hernández Rodríguez','555-4906','javier.hernandez@empresa.com','2022-09-16',1,3,3,21000.00),(319,'Gabriela Castillo Torres','555-9782','gabriela.castillo@empresa.com','2018-03-09',1,1,7,35200.00),(320,'Francisco Rodríguez Ortiz','555-1025','francisco.rodriguez@empresa.com','2024-11-23',1,2,9,21300.00),(321,'Francisco Vázquez López','555-6908','francisco.vazquez321@empresa.com','2018-10-05',1,4,14,24800.00),(322,'Isabel García Chávez','555-8702','isabel.garcia@empresa.com','2018-06-28',1,5,5,16100.00),(323,'Lucía Martínez Mendoza','555-6649','lucia.martinez323@empresa.com','2020-09-14',1,1,22,16700.00),(324,'Ricardo Gómez Ramos','555-1726','ricardo.gomez@empresa.com','2021-12-14',1,5,8,21200.00),(325,'Manuel Álvarez López','555-3986','manuel.alvarez@empresa.com','2019-07-07',1,7,28,43800.00),(326,'Javier Castillo Ruiz','555-4268','javier.castillo@empresa.com','2018-06-21',1,3,26,20900.00),(327,'Elena García Flores','555-1599','elena.garcia@empresa.com','2025-04-03',1,7,28,40100.00),(328,'Lucía Medina Ramos','555-3039','lucia.medina@empresa.com','2022-02-16',1,1,22,20000.00),(329,'Diego Mendoza Castillo','555-9129','diego.mendoza@empresa.com','2025-10-05',1,6,12,18000.00),(330,'Silvia Chávez García','555-2293','silvia.chavez@empresa.com','2022-10-30',1,3,3,33400.00),(331,'Manuel López Jiménez','555-2311','manuel.lopez@empresa.com','2021-09-05',1,3,17,22800.00),(332,'Elena Castillo Cruz','555-8272','elena.castillo@empresa.com','2021-12-10',1,4,31,35500.00),(333,'Claudia Medina Vargas','555-5498','claudia.medina333@empresa.com','2025-03-04',1,3,27,51100.00),(334,'Ana Torres Gutiérrez','555-9406','ana.torres@empresa.com','2025-08-14',1,4,31,38700.00),(335,'Juan Díaz Medina','555-3068','juan.diaz@empresa.com','2018-10-03',1,5,19,38900.00),(336,'Ricardo Ramírez Ramírez','555-8371','ricardo.ramirez@empresa.com','2022-02-28',1,6,18,12700.00),(337,'Javier Torres Reyes','555-6150','javier.torres@empresa.com','2025-04-14',1,2,9,20800.00),(338,'María Pérez Mendoza','555-7340','maria.perez@empresa.com','2024-04-19',1,2,23,36200.00),(339,'Javier Martínez Ortiz','555-5678','javier.martinez339@empresa.com','2025-10-13',1,6,15,24900.00),(340,'Patricia González Gómez','555-3828','patricia.gonzalez@empresa.com','2025-12-31',1,2,29,14700.00),(341,'Luis Chávez Gutiérrez','555-2063','luis.chavez@empresa.com','2024-03-02',1,7,30,25600.00),(342,'Raúl Hernández Medina','555-6922','raul.hernandez@empresa.com','2023-09-15',1,2,25,27300.00),(343,'Pedro Chávez Díaz','555-6912','pedro.chavez@empresa.com','2024-03-19',1,2,23,32200.00),(344,'Alejandro Chávez Jiménez','555-6067','alejandro.chavez344@empresa.com','2022-06-19',1,2,29,11500.00),(345,'Claudia Morales García','555-2208','claudia.morales345@empresa.com','2019-05-29',1,6,13,37100.00),(346,'Ricardo Torres Castillo','555-3981','ricardo.torres@empresa.com','2019-06-13',1,6,12,17000.00),(347,'Silvia Medina Ruiz','555-3507','silvia.medina@empresa.com','2021-05-30',1,7,24,15200.00),(348,'Jorge Vargas Ortiz','555-9501','jorge.vargas348@empresa.com','2021-03-09',1,2,9,29800.00),(349,'Miguel González Álvarez','555-5961','miguel.gonzalez@empresa.com','2024-11-21',1,5,8,21000.00),(350,'Roberto Álvarez López','555-6531','roberto.alvarez@empresa.com','2024-04-27',1,5,21,22500.00),(351,'Beatriz Pérez Torres','555-4453','beatriz.perez@empresa.com','2024-06-01',1,1,22,26200.00),(352,'Ricardo Pérez Morales','555-5949','ricardo.perez@empresa.com','2023-06-02',1,4,4,26700.00),(353,'Mónica Gutiérrez Flores','555-1981','monica.gutierrez@empresa.com','2019-10-10',1,3,20,21800.00),(354,'Patricia Castillo González','555-6121','patricia.castillo@empresa.com','2026-01-21',1,3,27,46300.00),(355,'Lucía Flores Díaz','555-2739','lucia.flores@empresa.com','2021-07-31',1,7,30,31100.00),(356,'María Martínez Castillo','555-1829','maria.martinez356@empresa.com','2021-04-03',1,2,25,15800.00),(357,'Beatriz Cruz Vázquez','555-6364','beatriz.cruz357@empresa.com','2024-06-24',1,2,25,27600.00),(358,'Pedro Ramos López','555-6055','pedro.ramos@empresa.com','2023-07-31',1,6,13,34400.00),(359,'Diego García Castillo','555-6781','diego.garcia@empresa.com','2018-07-19',1,2,25,23800.00),(360,'Patricia Cruz Castro','555-9793','patricia.cruz360@empresa.com','2018-02-03',1,7,28,40600.00),(361,'Carmen Díaz Castro','555-6995','carmen.diaz@empresa.com','2018-07-05',1,3,17,32700.00),(362,'Francisco Jiménez González','555-2204','francisco.jimenez@empresa.com','2022-05-02',1,3,27,48700.00),(363,'Javier Jiménez Martínez','555-2584','javier.jimenez@empresa.com','2022-06-02',1,7,24,12000.00),(364,'Jorge Jiménez Ramírez','555-9341','jorge.jimenez@empresa.com','2022-07-03',1,7,16,20800.00),(365,'Ana Ruiz Díaz','555-8761','ana.ruiz@empresa.com','2023-10-29',1,4,4,29400.00),(366,'Gabriela Castro García','555-6218','gabriela.castro@empresa.com','2019-10-28',1,2,9,29500.00),(367,'Elena Reyes Sánchez','555-5911','elena.reyes367@empresa.com','2023-04-30',1,5,19,47600.00),(368,'Lucía Sánchez Gutiérrez','555-6040','lucia.sanchez368@empresa.com','2026-02-18',1,1,7,35100.00),(369,'Gabriela Morales Martínez','555-1841','gabriela.morales@empresa.com','2024-07-18',1,4,11,28000.00),(370,'Roberto Álvarez Mendoza','555-4968','roberto.alvarez@empresa.com','2018-05-10',1,5,19,40800.00),(371,'Fernando Gómez González','555-7861','fernando.gomez@empresa.com','2019-09-13',1,1,7,32900.00),(372,'Pedro Vázquez García','555-3262','pedro.vazquez@empresa.com','2023-10-26',1,7,28,37000.00),(373,'Jorge Gutiérrez Morales','555-3837','jorge.gutierrez373@empresa.com','2023-02-26',1,5,19,43500.00),(374,'Andrea Ramos Medina','555-8932','andrea.ramos374@empresa.com','2020-02-27',1,4,4,26200.00),(375,'Miguel Jiménez Hernández','555-5735','miguel.jimenez@empresa.com','2025-11-27',1,2,9,26900.00),(376,'Fernando Morales Sánchez','555-5480','fernando.morales@empresa.com','2021-03-24',1,6,12,24100.00),(377,'Andrea Jiménez Flores','555-3399','andrea.jimenez@empresa.com','2021-04-04',1,6,12,27600.00),(378,'Fernando Torres Ramírez','555-8849','fernando.torres@empresa.com','2020-05-26',1,6,12,27100.00),(379,'Isabel Martínez Vargas','555-2789','isabel.martinez379@empresa.com','2024-11-26',1,5,8,21300.00),(380,'Sofía Rodríguez Ruiz','555-4814','sofia.rodriguez@empresa.com','2018-08-04',1,4,11,26700.00),(381,'Jorge Ortiz Morales','555-3587','jorge.ortiz@empresa.com','2022-07-25',1,1,10,15600.00),(382,'Raúl Castro Morales','555-5706','raul.castro@empresa.com','2021-08-08',1,6,15,27300.00),(383,'Ana Vargas Ramos','555-1611','ana.vargas@empresa.com','2019-12-19',1,1,10,24300.00),(384,'Manuel López Vargas','555-9116','manuel.lopez384@empresa.com','2020-02-03',1,1,7,36800.00),(385,'Beatriz Vargas Hernández','555-2758','beatriz.vargas@empresa.com','2021-10-04',1,1,6,20400.00),(386,'Ricardo Jiménez García','555-8668','ricardo.jimenez@empresa.com','2021-01-22',1,6,15,23200.00),(387,'María Sánchez López','555-4050','maria.sanchez387@empresa.com','2018-02-27',1,4,31,37000.00),(388,'Mónica Hernández Reyes','555-7643','monica.hernandez@empresa.com','2022-10-18',1,4,11,19100.00),(389,'Luis Flores Gutiérrez','555-8822','luis.flores389@empresa.com','2021-08-18',1,1,10,17900.00),(390,'Juan Martínez Flores','555-5374','juan.martinez@empresa.com','2021-09-12',1,2,23,38100.00),(391,'Claudia Reyes Pérez','555-2017','claudia.reyes@empresa.com','2025-06-28',1,3,17,27200.00),(392,'Elena López Flores','555-2923','elena.lopez392@empresa.com','2025-03-01',1,4,4,27500.00),(393,'Elena Ramírez Cruz','555-3188','elena.ramirez@empresa.com','2023-05-13',1,2,25,29900.00),(394,'Claudia Cruz Ramírez','555-9806','claudia.cruz394@empresa.com','2025-06-13',1,6,13,36600.00),(395,'Javier Rodríguez Gutiérrez','555-8319','javier.rodriguez395@empresa.com','2023-12-04',1,7,24,15300.00),(396,'Luis Vargas Reyes','555-9281','luis.vargas@empresa.com','2020-04-08',1,1,6,24500.00),(397,'Carlos López Sánchez','555-4365','carlos.lopez@empresa.com','2026-01-15',0,7,28,37900.00),(398,'Roberto Castillo Chávez','555-9409','roberto.castillo@empresa.com','2022-08-29',1,1,7,31400.00),(399,'Ana Jiménez Castillo','555-1356','ana.jimenez@empresa.com','2022-06-10',1,4,4,28100.00),(400,'Juan Mendoza González','555-7941','juan.mendoza400@empresa.com','2021-11-12',1,5,5,13300.00),(401,'Daniel Flores','5570889067','emp401@tecnooffice.com','2022-09-15',1,1,35,35932.00),(402,'Patricia López','5592428292','emp402@tecnooffice.com','2021-01-06',0,10,18,43250.00),(403,'Carmen López','5536171333','emp403@tecnooffice.com','2021-01-18',0,3,22,40387.00),(404,'Sofía Flores','5558123282','emp404@tecnooffice.com','2021-10-29',1,11,8,16943.00),(405,'Jorge Sánchez','5557611500','emp405@tecnooffice.com','2023-10-22',0,8,14,14338.00),(406,'Fernando Ramírez','5572067180','emp406@tecnooffice.com','2022-03-26',1,5,2,38197.00),(407,'Sofía Martínez','5572611882','emp407@tecnooffice.com','2023-02-13',1,10,29,17807.00),(408,'Miguel Torres','5558959512','emp408@tecnooffice.com','2025-02-18',1,12,36,28258.00),(409,'Juan Flores','5582148111','emp409@tecnooffice.com','2020-09-16',0,2,28,39480.00),(410,'Carmen Gómez','5557598387','emp410@tecnooffice.com','2023-08-07',0,13,9,33513.00),(411,'José García','5574428835','emp411@tecnooffice.com','2022-01-08',0,8,19,31701.00),(412,'María Pérez','5514894035','emp412@tecnooffice.com','2022-05-26',0,8,36,20741.00),(413,'Juan Sánchez','5549236575','emp413@tecnooffice.com','2022-09-07',0,7,29,26722.00),(414,'Juan Flores','5514077440','emp414@tecnooffice.com','2022-10-10',0,10,12,28806.00),(415,'Jorge Flores','5511888534','emp415@tecnooffice.com','2021-08-02',0,13,9,35977.00),(416,'Pedro Hernández','5544588986','emp416@tecnooffice.com','2022-08-02',0,2,31,19404.00),(417,'María López','5554294586','emp417@tecnooffice.com','2024-11-19',0,6,12,42970.00),(418,'Laura Sánchez','5597699551','emp418@tecnooffice.com','2021-12-23',0,3,5,16220.00),(419,'Laura Pérez','5531013444','emp419@tecnooffice.com','2023-01-16',1,3,5,37917.00),(420,'Elena Sánchez','5576781500','emp420@tecnooffice.com','2021-03-05',1,5,14,17922.00),(421,'Ana García','5533814145','emp421@tecnooffice.com','2020-03-23',1,12,13,16328.00),(422,'Juan Torres','5572945547','emp422@tecnooffice.com','2021-10-09',0,7,22,30741.00),(423,'Jorge Flores','5565102832','emp423@tecnooffice.com','2020-11-15',1,9,3,19439.00),(424,'José Sánchez','5579622163','emp424@tecnooffice.com','2021-12-19',0,10,20,21286.00),(425,'Carmen Martínez','5552762129','emp425@tecnooffice.com','2021-05-22',0,14,17,34637.00),(426,'Ana Hernández','5528375326','emp426@tecnooffice.com','2020-11-25',0,13,19,39103.00),(427,'Elena García','5586811025','emp427@tecnooffice.com','2024-02-01',1,14,29,27993.00),(428,'Carlos Torres','5521117516','emp428@tecnooffice.com','2020-12-13',1,13,6,22545.00),(429,'María Martínez','5533675815','emp429@tecnooffice.com','2021-07-29',0,12,3,25484.00),(430,'Laura Hernández','5524561501','emp430@tecnooffice.com','2024-04-23',0,5,26,37398.00),(431,'Laura García','5522303297','emp431@tecnooffice.com','2024-07-30',1,9,34,21865.00),(432,'Luis Pérez','5555111385','emp432@tecnooffice.com','2025-03-17',1,7,10,43639.00),(433,'Luis Sánchez','5545891470','emp433@tecnooffice.com','2025-03-07',0,8,8,31801.00),(434,'Daniel López','5539737533','emp434@tecnooffice.com','2025-02-02',0,13,18,31926.00),(435,'Jorge Hernández','5562216660','emp435@tecnooffice.com','2021-12-12',1,10,35,17462.00),(436,'Pedro García','5533289266','emp436@tecnooffice.com','2021-03-15',0,13,19,29687.00),(437,'Carmen Pérez','5533177027','emp437@tecnooffice.com','2024-05-10',0,11,33,16288.00),(438,'María Martínez','5537305148','emp438@tecnooffice.com','2023-02-21',1,4,4,35067.00),(439,'José García','5542262845','emp439@tecnooffice.com','2022-07-07',1,14,12,42508.00),(440,'Laura García','5540988430','emp440@tecnooffice.com','2021-01-02',1,12,8,12334.00),(441,'Carmen López','5583374562','emp441@tecnooffice.com','2025-04-17',0,5,15,18652.00),(442,'María Martínez','5551858772','emp442@tecnooffice.com','2023-12-29',0,3,6,36288.00),(443,'Daniel Gómez','5584295884','emp443@tecnooffice.com','2024-06-26',0,14,33,32303.00),(444,'José Pérez','5574257380','emp444@tecnooffice.com','2020-12-06',1,13,23,34897.00),(445,'Daniel Martínez','5529942930','emp445@tecnooffice.com','2021-01-31',1,13,5,23119.00),(446,'Daniel Ramírez','5545662948','emp446@tecnooffice.com','2024-06-07',0,9,25,44803.00),(447,'Patricia Sánchez','5522130463','emp447@tecnooffice.com','2022-12-30',0,10,21,26866.00),(448,'Sofía Martínez','5524712496','emp448@tecnooffice.com','2022-04-08',1,1,6,32216.00),(449,'María Ramírez','5599557286','emp449@tecnooffice.com','2021-05-12',0,4,2,43183.00),(450,'José Martínez','5539858846','emp450@tecnooffice.com','2020-01-20',1,3,34,37268.00),(451,'María Torres','5574890384','emp451@tecnooffice.com','2022-04-05',1,14,5,16171.00),(452,'Carlos García','5527627956','emp452@tecnooffice.com','2020-05-02',0,5,22,31154.00),(453,'José Torres','5539225558','emp453@tecnooffice.com','2020-07-01',0,4,3,31600.00),(454,'Pedro López','5580625793','emp454@tecnooffice.com','2023-05-29',0,11,36,28013.00),(455,'Laura Torres','5560460360','emp455@tecnooffice.com','2021-07-20',1,2,8,23080.00),(456,'María Torres','5569310403','emp456@tecnooffice.com','2021-02-07',0,9,16,14096.00),(457,'Miguel Gómez','5566367279','emp457@tecnooffice.com','2020-04-01',0,6,13,41155.00),(458,'Juan Flores','5547504193','emp458@tecnooffice.com','2024-09-05',0,12,24,35644.00),(459,'José Ramírez','5548736914','emp459@tecnooffice.com','2022-03-06',1,6,32,35650.00),(460,'Pedro Torres','5571491566','emp460@tecnooffice.com','2021-11-24',0,6,4,15658.00),(461,'Juan Hernández','5553535085','emp461@tecnooffice.com','2022-10-08',0,13,18,24619.00),(462,'Jorge Gómez','5599092233','emp462@tecnooffice.com','2024-04-13',0,4,11,24585.00),(463,'José Torres','5526883856','emp463@tecnooffice.com','2024-06-15',1,1,24,28101.00),(464,'Ana Gómez','5546974068','emp464@tecnooffice.com','2020-03-08',0,1,14,41861.00),(465,'Pedro Hernández','5596818415','emp465@tecnooffice.com','2021-10-10',1,11,15,32975.00),(466,'Luis Hernández','5588893759','emp466@tecnooffice.com','2023-12-28',1,11,25,41641.00),(467,'María Torres','5543063524','emp467@tecnooffice.com','2023-06-18',0,4,8,43050.00),(468,'Pedro García','5556925643','emp468@tecnooffice.com','2024-06-29',1,8,30,28828.00),(469,'Carmen Torres','5522591388','emp469@tecnooffice.com','2023-07-04',1,14,33,31332.00),(470,'Laura Flores','5570810871','emp470@tecnooffice.com','2022-02-04',0,7,13,37949.00),(471,'José Sánchez','5539182848','emp471@tecnooffice.com','2023-09-08',1,3,1,21800.00),(472,'Miguel Hernández','5536149070','emp472@tecnooffice.com','2020-07-15',1,13,21,35836.00),(473,'Laura Torres','5528897037','emp473@tecnooffice.com','2023-03-11',0,11,33,44301.00),(474,'Juan Martínez','5568161538','emp474@tecnooffice.com','2024-02-26',0,1,29,32318.00),(475,'Carmen Torres','5550817900','emp475@tecnooffice.com','2021-06-19',0,8,34,21945.00),(476,'Miguel Flores','5573546574','emp476@tecnooffice.com','2020-01-05',1,13,34,28132.00),(477,'Pedro Hernández','5577152558','emp477@tecnooffice.com','2023-04-16',0,6,23,27000.00),(478,'María Hernández','5531371614','emp478@tecnooffice.com','2021-06-18',0,13,35,22589.00),(479,'Laura Flores','5575560824','emp479@tecnooffice.com','2025-01-12',0,3,3,34362.00),(480,'Laura Hernández','5571709213','emp480@tecnooffice.com','2024-06-15',0,4,26,23835.00),(481,'Pedro Torres','5560060137','emp481@tecnooffice.com','2022-03-05',0,12,15,38286.00),(482,'Elena Pérez','5542495716','emp482@tecnooffice.com','2022-08-30',0,11,28,31551.00),(483,'Carlos García','5542956817','emp483@tecnooffice.com','2020-11-21',0,14,27,22152.00),(484,'Fernando García','5544427196','emp484@tecnooffice.com','2025-05-21',1,12,15,29148.00),(485,'Carlos Flores','5573474784','emp485@tecnooffice.com','2023-07-18',1,4,10,35956.00),(486,'Sofía Torres','5568873771','emp486@tecnooffice.com','2020-01-26',0,13,6,30403.00),(487,'Laura Flores','5538894384','emp487@tecnooffice.com','2020-07-13',0,4,4,20413.00),(488,'Jorge Hernández','5548388542','emp488@tecnooffice.com','2022-02-08',1,1,30,15238.00),(489,'Luis Hernández','5540787171','emp489@tecnooffice.com','2022-10-29',1,14,33,29194.00),(490,'José López','5559686110','emp490@tecnooffice.com','2021-04-17',1,3,34,36254.00),(491,'Laura Ramírez','5564115419','emp491@tecnooffice.com','2023-08-31',1,2,2,23895.00),(492,'Laura Ramírez','5583653016','emp492@tecnooffice.com','2023-01-27',1,8,29,25332.00),(493,'Fernando García','5543423336','emp493@tecnooffice.com','2020-11-26',1,11,12,16220.00),(494,'Jorge Hernández','5566842982','emp494@tecnooffice.com','2022-09-19',1,10,9,19072.00),(495,'Laura Hernández','5571823984','emp495@tecnooffice.com','2021-06-01',0,4,24,36546.00),(496,'Pedro Ramírez','5556488950','emp496@tecnooffice.com','2022-12-28',0,2,27,37477.00),(497,'Pedro Pérez','5546838623','emp497@tecnooffice.com','2021-05-05',1,9,10,12150.00),(498,'Carlos Pérez','5526704750','emp498@tecnooffice.com','2020-11-24',0,1,6,26746.00),(499,'José Sánchez','5585883997','emp499@tecnooffice.com','2022-10-23',1,13,6,35027.00),(500,'Luis Torres','5548816131','emp500@tecnooffice.com','2022-09-22',1,5,18,16565.00),(501,'Carmen Gómez','5566304558','emp501@tecnooffice.com','2023-04-03',0,9,27,20874.00),(502,'José Ramírez','5529524937','emp502@tecnooffice.com','2023-02-25',1,9,28,27358.00),(503,'Ana Martínez','5576777393','emp503@tecnooffice.com','2021-02-05',1,3,23,13954.00),(504,'Carlos Sánchez','5575813002','emp504@tecnooffice.com','2025-05-19',1,14,17,26049.00),(505,'Miguel Pérez','5547891913','emp505@tecnooffice.com','2022-03-11',0,14,8,34581.00),(506,'Daniel López','5533833948','emp506@tecnooffice.com','2021-01-29',1,8,8,14942.00),(507,'Carlos López','5545622049','emp507@tecnooffice.com','2024-06-11',1,5,25,20954.00),(508,'Elena García','5521204684','emp508@tecnooffice.com','2024-05-07',0,2,1,18432.00),(509,'Elena García','5552585244','emp509@tecnooffice.com','2021-03-06',0,1,7,19171.00),(510,'Elena López','5577233628','emp510@tecnooffice.com','2023-08-08',0,6,10,12299.00),(511,'Miguel Martínez','5566707111','emp511@tecnooffice.com','2021-03-25',1,10,28,28549.00),(512,'Jorge Gómez','5594243228','emp512@tecnooffice.com','2024-02-22',1,6,9,33588.00),(513,'Daniel Martínez','5558695518','emp513@tecnooffice.com','2022-11-09',0,11,34,13601.00),(514,'Carlos Hernández','5570839148','emp514@tecnooffice.com','2021-12-11',1,1,10,31718.00),(515,'Jorge Gómez','5558746027','emp515@tecnooffice.com','2024-03-10',0,8,5,24344.00),(516,'Elena Hernández','5584150861','emp516@tecnooffice.com','2020-08-12',1,8,24,36367.00),(517,'Juan Torres','5590156103','emp517@tecnooffice.com','2020-05-04',0,5,26,14423.00),(518,'Miguel Pérez','5577187722','emp518@tecnooffice.com','2024-09-30',1,9,11,29159.00),(519,'Ana Ramírez','5565904278','emp519@tecnooffice.com','2022-04-07',1,1,15,40608.00),(520,'Fernando López','5531232897','emp520@tecnooffice.com','2020-09-18',0,12,23,31914.00),(521,'Carlos Martínez','5547609689','emp521@tecnooffice.com','2024-03-10',1,1,22,37385.00),(522,'Laura Martínez','5544857652','emp522@tecnooffice.com','2022-03-19',1,7,20,23992.00),(523,'Pedro Martínez','5596490461','emp523@tecnooffice.com','2025-05-09',0,10,24,13429.00),(524,'José López','5595145154','emp524@tecnooffice.com','2020-01-11',1,5,2,32149.00),(525,'Jorge Sánchez','5577608269','emp525@tecnooffice.com','2024-07-06',0,4,33,39197.00),(526,'Sofía Pérez','5541232504','emp526@tecnooffice.com','2021-03-24',0,2,36,39226.00),(527,'María Hernández','5515800704','emp527@tecnooffice.com','2023-07-27',1,10,3,25912.00),(528,'Pedro Flores','5556461442','emp528@tecnooffice.com','2022-05-19',1,11,10,42531.00),(529,'Carlos Sánchez','5556115056','emp529@tecnooffice.com','2023-07-22',0,7,10,44015.00),(530,'Miguel Ramírez','5553304539','emp530@tecnooffice.com','2022-07-27',0,9,15,14468.00),(531,'Fernando Ramírez','5559746850','emp531@tecnooffice.com','2020-08-17',0,8,6,31836.00),(532,'Ana Gómez','5546192487','emp532@tecnooffice.com','2023-08-04',1,9,25,21033.00),(533,'María Gómez','5552096942','emp533@tecnooffice.com','2021-10-25',1,13,27,28988.00),(534,'Miguel Pérez','5533442503','emp534@tecnooffice.com','2020-01-17',1,3,34,19216.00),(535,'Sofía Flores','5570583811','emp535@tecnooffice.com','2023-12-03',0,9,9,26097.00),(536,'Carmen Hernández','5581578401','emp536@tecnooffice.com','2022-03-07',0,1,5,18590.00),(537,'Carlos Pérez','5593713257','emp537@tecnooffice.com','2025-04-18',1,1,11,42485.00),(538,'Pedro García','5583386170','emp538@tecnooffice.com','2020-02-26',1,4,31,44734.00),(539,'Juan Gómez','5554567197','emp539@tecnooffice.com','2023-07-26',0,14,12,30034.00),(540,'Daniel García','5586938419','emp540@tecnooffice.com','2024-08-16',1,1,17,17355.00),(541,'Carmen Gómez','5596283210','emp541@tecnooffice.com','2021-01-10',0,12,4,35665.00),(542,'Daniel Pérez','5562438595','emp542@tecnooffice.com','2020-06-10',0,14,9,31034.00),(543,'Daniel Martínez','5523105990','emp543@tecnooffice.com','2023-05-07',0,12,10,36433.00),(544,'Pedro Flores','5592941554','emp544@tecnooffice.com','2025-02-07',1,12,6,38252.00),(545,'Luis Hernández','5574421519','emp545@tecnooffice.com','2025-05-29',0,14,36,16840.00),(546,'Jorge García','5582600171','emp546@tecnooffice.com','2021-04-01',1,4,19,30992.00),(547,'Elena Ramírez','5595973319','emp547@tecnooffice.com','2020-10-27',0,5,3,22483.00),(548,'Patricia Pérez','5557066531','emp548@tecnooffice.com','2021-07-18',1,9,16,21576.00),(549,'Sofía Torres','5528272103','emp549@tecnooffice.com','2024-09-30',0,9,35,38019.00),(550,'Jorge Torres','5589392542','emp550@tecnooffice.com','2022-06-20',1,5,8,20980.00),(551,'Fernando García','5545660614','emp551@tecnooffice.com','2020-01-08',0,5,30,14971.00),(552,'María Martínez','5543694996','emp552@tecnooffice.com','2022-12-11',1,9,18,30635.00),(553,'Laura Ramírez','5522524612','emp553@tecnooffice.com','2022-01-16',1,2,4,25017.00),(554,'José Pérez','5571250773','emp554@tecnooffice.com','2025-05-10',0,1,35,32616.00),(555,'Patricia Flores','5576871995','emp555@tecnooffice.com','2025-02-09',0,6,9,44675.00),(556,'Fernando Ramírez','5518275406','emp556@tecnooffice.com','2023-09-11',0,10,6,19087.00),(557,'María Flores','5599934825','emp557@tecnooffice.com','2024-01-10',0,12,32,28790.00),(558,'Elena Pérez','5595102570','emp558@tecnooffice.com','2020-07-25',0,6,34,29908.00),(559,'Carlos Torres','5560895363','emp559@tecnooffice.com','2022-06-28',1,13,15,38740.00),(560,'Carmen Torres','5514342900','emp560@tecnooffice.com','2020-01-13',0,4,25,14448.00),(561,'Ana García','5520557129','emp561@tecnooffice.com','2023-10-05',0,8,8,34812.00),(562,'Fernando García','5564328373','emp562@tecnooffice.com','2023-01-04',0,1,21,17098.00),(563,'Elena Hernández','5526983712','emp563@tecnooffice.com','2023-07-19',0,6,14,43267.00),(564,'Elena Ramírez','5554541507','emp564@tecnooffice.com','2023-08-06',1,2,17,27333.00),(565,'Patricia Gómez','5555480443','emp565@tecnooffice.com','2020-04-17',1,7,30,27425.00),(566,'Daniel García','5593018615','emp566@tecnooffice.com','2021-03-27',0,8,25,12813.00),(567,'Ana Flores','5569499188','emp567@tecnooffice.com','2021-10-05',0,12,6,17230.00),(568,'Laura López','5547426237','emp568@tecnooffice.com','2022-09-11',1,4,32,19132.00),(569,'Carmen Torres','5539701169','emp569@tecnooffice.com','2023-01-23',0,5,7,43341.00),(570,'Fernando Hernández','5550820022','emp570@tecnooffice.com','2021-07-13',1,12,2,38011.00),(571,'Pedro Sánchez','5521174808','emp571@tecnooffice.com','2020-12-09',1,13,15,41136.00),(572,'José García','5582484465','emp572@tecnooffice.com','2020-09-17',0,5,25,22470.00),(573,'Laura Martínez','5524959046','emp573@tecnooffice.com','2021-11-16',0,6,8,35846.00),(574,'Laura Flores','5561849138','emp574@tecnooffice.com','2021-02-16',1,3,15,25003.00),(575,'Carmen Hernández','5574330166','emp575@tecnooffice.com','2022-04-19',0,10,25,42819.00),(576,'Luis Gómez','5577170508','emp576@tecnooffice.com','2023-07-24',0,11,3,33039.00),(577,'Elena Pérez','5556548970','emp577@tecnooffice.com','2021-02-23',0,3,27,22571.00),(578,'Daniel Sánchez','5574165512','emp578@tecnooffice.com','2022-11-26',1,4,27,29606.00),(579,'Juan Torres','5595619461','emp579@tecnooffice.com','2021-02-27',1,4,35,23236.00),(580,'Miguel Pérez','5548717067','emp580@tecnooffice.com','2023-05-13',1,14,24,24684.00),(581,'Daniel Gómez','5537158660','emp581@tecnooffice.com','2021-01-12',1,5,24,37508.00),(582,'Patricia Flores','5533545481','emp582@tecnooffice.com','2022-03-11',0,14,13,15714.00),(583,'Pedro Ramírez','5562206771','emp583@tecnooffice.com','2021-01-15',0,4,1,17683.00),(584,'Juan Torres','5581472374','emp584@tecnooffice.com','2023-09-11',0,8,27,17055.00),(585,'Carlos López','5567272232','emp585@tecnooffice.com','2024-11-23',0,13,3,22575.00),(586,'Juan López','5534340216','emp586@tecnooffice.com','2021-04-29',1,13,26,24623.00),(587,'Ana Torres','5556688833','emp587@tecnooffice.com','2020-12-03',0,14,3,30067.00),(588,'Carmen Flores','5517579018','emp588@tecnooffice.com','2022-03-20',1,2,11,20912.00),(589,'Pedro Flores','5531110916','emp589@tecnooffice.com','2024-02-23',1,5,18,18928.00),(590,'Laura Gómez','5546483719','emp590@tecnooffice.com','2020-10-07',0,8,14,25825.00),(591,'Miguel Hernández','5574978828','emp591@tecnooffice.com','2023-11-04',1,7,21,15156.00),(592,'Elena Sánchez','5575559122','emp592@tecnooffice.com','2020-07-06',0,2,27,27147.00),(593,'Laura Hernández','5518013328','emp593@tecnooffice.com','2022-12-17',0,7,31,16325.00),(594,'Sofía Hernández','5555303886','emp594@tecnooffice.com','2021-06-04',1,2,7,12009.00),(595,'Carmen Ramírez','5592386669','emp595@tecnooffice.com','2025-05-29',0,14,22,20111.00),(596,'Miguel Sánchez','5536913773','emp596@tecnooffice.com','2021-04-28',1,11,8,18895.00),(597,'Pedro Ramírez','5583354596','emp597@tecnooffice.com','2022-01-08',1,1,5,22530.00),(598,'Juan Sánchez','5528310955','emp598@tecnooffice.com','2024-12-20',0,2,4,29094.00),(599,'Ana Torres','5579280175','emp599@tecnooffice.com','2021-11-10',0,3,32,17425.00),(600,'Pedro López','5563292519','emp600@tecnooffice.com','2022-07-29',1,10,5,26385.00),(601,'Patricia Pérez','5513692915','emp601@tecnooffice.com','2023-06-01',1,14,10,31196.00),(602,'José García','5583185014','emp602@tecnooffice.com','2025-02-01',1,4,29,13536.00),(603,'Patricia Flores','5540202020','emp603@tecnooffice.com','2024-01-01',0,9,30,17701.00),(604,'Carlos Hernández','5558693426','emp604@tecnooffice.com','2020-08-24',0,9,29,29716.00),(605,'María Torres','5516396443','emp605@tecnooffice.com','2021-08-29',1,10,26,13214.00),(606,'Daniel Pérez','5524318749','emp606@tecnooffice.com','2024-09-03',0,9,29,15584.00),(607,'José Torres','5541394364','emp607@tecnooffice.com','2022-04-09',1,12,25,21361.00),(608,'Sofía Ramírez','5537391338','emp608@tecnooffice.com','2021-06-28',1,5,26,16222.00),(609,'Juan López','5565039976','emp609@tecnooffice.com','2021-09-10',0,13,7,16628.00),(610,'José Martínez','5564494561','emp610@tecnooffice.com','2021-01-17',0,7,10,34529.00),(611,'Juan Martínez','5542852222','emp611@tecnooffice.com','2021-08-11',0,14,21,39387.00),(612,'Laura Sánchez','5567989356','emp612@tecnooffice.com','2023-08-25',0,8,34,35881.00),(613,'Fernando Torres','5567134244','emp613@tecnooffice.com','2023-05-09',1,7,25,21364.00),(614,'Daniel Martínez','5527337343','emp614@tecnooffice.com','2024-07-05',0,2,13,32709.00),(615,'Luis Martínez','5519545017','emp615@tecnooffice.com','2020-01-01',0,6,29,24923.00),(616,'Jorge Pérez','5560604933','emp616@tecnooffice.com','2023-01-04',0,12,11,21695.00),(617,'José García','5539148602','emp617@tecnooffice.com','2022-04-16',1,9,24,31626.00),(618,'Ana García','5574694896','emp618@tecnooffice.com','2023-01-31',0,8,9,32436.00),(619,'Elena Ramírez','5588662288','emp619@tecnooffice.com','2020-07-29',1,13,24,25916.00),(620,'Miguel Gómez','5570656359','emp620@tecnooffice.com','2020-11-28',0,7,13,24053.00),(621,'Miguel García','5575090741','emp621@tecnooffice.com','2021-08-06',1,12,9,38333.00),(622,'Carmen Martínez','5525593885','emp622@tecnooffice.com','2022-10-29',0,4,26,22031.00),(623,'Ana Hernández','5564081264','emp623@tecnooffice.com','2020-01-08',0,7,10,13543.00),(624,'Elena López','5582386006','emp624@tecnooffice.com','2024-03-19',1,4,26,22093.00),(625,'José Hernández','5530794565','emp625@tecnooffice.com','2021-08-26',0,11,29,44237.00),(626,'Patricia Gómez','5570465183','emp626@tecnooffice.com','2020-11-30',0,10,2,15464.00),(627,'María Torres','5554141876','emp627@tecnooffice.com','2024-05-07',0,9,9,39111.00),(628,'Miguel Torres','5510544790','emp628@tecnooffice.com','2020-09-09',0,1,13,20482.00),(629,'Patricia Martínez','5554990563','emp629@tecnooffice.com','2023-10-12',0,5,29,16677.00),(630,'Ana Pérez','5593399946','emp630@tecnooffice.com','2024-10-10',1,9,26,25509.00),(631,'María Gómez','5570104115','emp631@tecnooffice.com','2022-07-03',0,14,36,19600.00),(632,'Pedro Gómez','5588243232','emp632@tecnooffice.com','2021-09-15',1,6,32,37036.00),(633,'María Flores','5579906202','emp633@tecnooffice.com','2021-11-22',1,11,22,31591.00),(634,'Pedro López','5510532586','emp634@tecnooffice.com','2023-03-17',0,12,12,34921.00),(635,'Ana Hernández','5546062381','emp635@tecnooffice.com','2024-02-12',1,2,25,44109.00),(636,'Laura Sánchez','5577284264','emp636@tecnooffice.com','2023-11-12',1,10,24,35221.00),(637,'Carlos Hernández','5538387959','emp637@tecnooffice.com','2023-05-22',0,3,20,22952.00),(638,'Luis Hernández','5595167632','emp638@tecnooffice.com','2023-12-04',0,8,26,12973.00),(639,'Fernando Pérez','5516220171','emp639@tecnooffice.com','2023-09-19',1,7,23,22242.00),(640,'Laura Torres','5590245506','emp640@tecnooffice.com','2021-01-05',1,9,16,27461.00),(641,'Ana Martínez','5558040797','emp641@tecnooffice.com','2021-02-22',1,11,15,21732.00),(642,'Fernando Ramírez','5585813185','emp642@tecnooffice.com','2023-02-17',0,3,5,37409.00),(643,'José García','5549413010','emp643@tecnooffice.com','2021-12-01',0,12,6,16982.00),(644,'Pedro Torres','5545809292','emp644@tecnooffice.com','2023-07-13',1,3,10,35007.00),(645,'Patricia Flores','5592954762','emp645@tecnooffice.com','2021-07-03',0,7,29,16949.00),(646,'Carmen Torres','5585208784','emp646@tecnooffice.com','2024-05-30',0,13,36,14539.00),(647,'Jorge Gómez','5530223762','emp647@tecnooffice.com','2024-12-09',1,13,7,16769.00),(648,'Miguel Gómez','5516234842','emp648@tecnooffice.com','2023-09-04',0,1,2,20610.00),(649,'Pedro Hernández','5545925910','emp649@tecnooffice.com','2021-03-26',0,12,33,16279.00),(650,'Carlos López','5549589644','emp650@tecnooffice.com','2024-12-09',1,3,28,42829.00);
/*!40000 ALTER TABLE `empleados` ENABLE KEYS */;
UNLOCK TABLES;

--
-- Table structure for table `puesto`
--

DROP TABLE IF EXISTS `puesto`;
/*!40101 SET @saved_cs_client     = @@character_set_client */;
/*!50503 SET character_set_client = utf8mb4 */;
CREATE TABLE `puesto` (
  `ID_puesto` int NOT NULL AUTO_INCREMENT,
  `nombre` varchar(100) NOT NULL,
  PRIMARY KEY (`ID_puesto`)
) ENGINE=InnoDB AUTO_INCREMENT=37 DEFAULT CHARSET=utf8mb4 COLLATE=utf8mb4_0900_ai_ci;
/*!40101 SET character_set_client = @saved_cs_client */;

--
-- Dumping data for table `puesto`
--

LOCK TABLES `puesto` WRITE;
/*!40000 ALTER TABLE `puesto` DISABLE KEYS */;
INSERT INTO `puesto` VALUES (1,'Ejecutivo'),(2,'Auxiliar'),(3,'Programador'),(4,'Coordinador de Marketing'),(5,'Auxiliar Contable'),(6,'Ejecutivo de Ventas'),(7,'Gerente de Ventas'),(8,'Auditor Interno'),(9,'Especialista de Abastecimiento'),(10,'Asesor Comercial'),(11,'Diseñador Gráfico'),(12,'Generalista de RRHH'),(13,'Gerente de RRHH'),(14,'Especialista SEO'),(15,'Analista de Nómina'),(16,'Supervisor de Planta'),(17,'Soporte Técnico'),(18,'Auxiliar de RRHH'),(19,'Gerente de Finanzas'),(20,'Administrador de Redes'),(21,'Contador'),(22,'Coordinador de Ventas'),(23,'Gerente de Compras'),(24,'Operador de Logística'),(25,'Analista de Compras'),(26,'Analista de Sistemas'),(27,'Gerente de TI'),(28,'Gerente de Operaciones'),(29,'Auxiliar de Compras'),(30,'Coordinador de Operaciones'),(31,'Gerente de Marca'),(32,'Coordinador General'),(33,'Supervisor'),(34,'Analista Senior'),(35,'Especialista'),(36,'Gerente Regional');
/*!40000 ALTER TABLE `puesto` ENABLE KEYS */;
UNLOCK TABLES;
/*!40103 SET TIME_ZONE=@OLD_TIME_ZONE */;

/*!40101 SET SQL_MODE=@OLD_SQL_MODE */;
/*!40014 SET FOREIGN_KEY_CHECKS=@OLD_FOREIGN_KEY_CHECKS */;
/*!40014 SET UNIQUE_CHECKS=@OLD_UNIQUE_CHECKS */;
/*!40101 SET CHARACTER_SET_CLIENT=@OLD_CHARACTER_SET_CLIENT */;
/*!40101 SET CHARACTER_SET_RESULTS=@OLD_CHARACTER_SET_RESULTS */;
/*!40101 SET COLLATION_CONNECTION=@OLD_COLLATION_CONNECTION */;
/*!40111 SET SQL_NOTES=@OLD_SQL_NOTES */;

-- Dump completed on 2026-07-05 16:11:53
